id,type,ip,user_id,date
11,,169.231.8.168,1,2024-11-22 07:39:17.674124
12,,169.231.48.232,1,2024-11-16 04:24:38.853331
13,,169.231.10.91,1,2024-11-17 07:18:27.135225
14,,185.203.218.153,28,2024-11-16 04:35:06.523717
15,,197.239.12.7,16,2024-11-16 04:54:13.166256
16,,119.30.41.225,11,2024-11-16 16:17:54.358946
17,,169.231.174.168,27,2024-11-20 19:26:41.416114
18,,2.59.157.219,28,2024-11-16 16:09:32.292953
19,,169.231.10.91,25,2024-11-16 05:55:52.248245
20,,103.220.204.37,17,2024-11-18 21:06:51.749206
21,,103.94.134.6,11,2024-11-22 21:58:33.242218
22,,68.6.124.212,18,2024-11-22 08:59:17.651075
23,,79.117.251.82,23,2024-11-16 10:49:02.206966
24,,103.94.134.5,15,2024-11-22 19:51:45.693769
25,,45.249.79.253,6,2024-11-16 13:20:38.752378
26,,52.119.103.17,9,2024-11-22 15:15:32.729307
27,,108.39.122.210,26,2024-11-17 16:14:41.627370
28,,152.58.198.221,29,2024-11-16 14:07:12.287855
29,,61.1.184.33,29,2024-11-22 15:06:50.206485
30,,65.32.254.32,28,2024-11-17 22:18:09.501237
31,,137.112.222.34,24,2024-11-16 14:22:15.646029
32,,172.56.122.48,18,2024-11-22 12:39:30.283806
33,,138.59.202.193,5,2024-11-22 16:08:47.024043
34,,170.55.174.130,28,2024-11-22 23:35:05.307439
35,,59.153.102.116,15,2024-11-17 06:21:18.107606
36,,45.187.80.89,5,2024-11-22 02:35:32.794688
37,,200.17.202.16,5,2024-11-22 23:00:23.756955
38,,79.117.251.75,22,2024-11-16 15:47:47.079266
39,,128.211.251.188,9,2024-11-16 16:09:53.479540
40,,108.147.2.62,26,2024-11-16 16:11:24.795270
41,,202.164.139.225,20,2024-11-17 13:00:14.992298
42,,104.194.101.215,8,2024-11-16 16:16:27.171751
43,,169.231.9.147,1,2024-11-17 01:25:58.508939
44,,96.58.203.161,28,2024-11-20 01:02:51.485716
45,,72.28.228.171,34,2024-11-19 01:37:27.020481
46,,199.111.113.141,25,2024-11-20 20:41:32.361545
47,,123.63.2.2,39,2024-11-22 17:45:22.628505
48,,152.59.223.110,39,2024-11-16 19:35:56.953627
49,,71.146.56.165,34,2024-11-22 03:59:16.913579
50,,90.167.158.198,22,2024-11-16 21:30:22.869264
51,,177.220.187.68,5,2024-11-18 00:00:56.722085
52,,104.194.102.128,8,2024-11-16 23:21:30.054859
53,,128.111.49.72,1,2024-11-16 21:43:31.713232
54,,90.167.158.15,22,2024-11-16 21:42:53.387946
55,,150.214.205.60,22,2024-11-16 21:12:57.425562
56,,174.206.100.193,25,2024-11-16 17:19:11.644546
57,,150.214.205.81,22,2024-11-18 12:17:59.214996
58,,175.184.253.10,39,2024-11-22 19:55:56.420224
59,,74.213.236.209,32,2024-11-20 07:01:44.041538
60,,117.255.83.236,29,2024-11-17 11:49:45.030605
61,,46.37.82.141,22,2024-11-16 18:25:46.794377
62,,169.231.34.130,18,2024-11-22 23:20:27.979546
63,,103.94.134.96,17,2024-11-17 18:09:47.390717
64,,150.214.205.71,22,2024-11-22 10:01:36.307728
65,,24.145.46.133,34,2024-11-22 23:57:51.337998
66,,128.111.48.61,1,2024-11-22 23:52:38.281651
67,,79.116.241.160,22,2024-11-16 22:15:05.007376
68,,152.58.203.101,39,2024-11-17 10:28:24.104506
69,,203.188.244.142,15,2024-11-16 18:49:16.968574
70,,169.231.240.147,18,2024-11-16 23:53:17.096854
71,,150.214.205.42,22,2024-11-16 22:12:28.907469
72,,37.10.139.220,22,2024-11-17 16:16:05.320406
73,,150.214.205.70,22,2024-11-16 21:43:27.150955
74,,130.235.143.133,18,2024-11-16 17:58:17.291448
75,,150.214.205.82,22,2024-11-16 21:10:13.941408
76,,128.211.251.214,9,2024-11-16 18:23:05.811953
77,,150.214.205.77,22,2024-11-16 21:09:11.356004
78,,107.77.230.229,33,2024-11-16 19:06:34.054908
79,,42.104.158.99,39,2024-11-16 18:00:18.896807
80,,106.194.32.114,39,2024-11-16 18:00:47.643752
81,,42.104.158.92,39,2024-11-16 18:00:56.060803
82,,35.21.63.207,21,2024-11-17 18:21:09.790459
83,,169.231.102.224,33,2024-11-22 23:25:58.866603
84,,103.94.135.29,17,2024-11-16 18:01:15.100248
85,,69.176.153.109,21,2024-11-17 21:31:50.764447
86,,169.231.158.107,10,2024-11-22 23:09:41.394854
87,,150.214.205.86,22,2024-11-16 22:16:11.263741
88,,150.214.205.58,22,2024-11-16 22:10:05.621914
89,,169.231.129.213,18,2024-11-17 02:53:14.432410
90,,199.111.113.145,25,2024-11-16 22:20:20.440723
91,,103.143.139.177,15,2024-11-17 02:16:12.526445
92,,152.58.216.145,39,2024-11-16 19:35:58.368714
93,,102.17.120.245,38,2024-11-16 19:17:03.707616
94,,128.211.255.73,9,2024-11-16 23:36:34.960724
95,,103.186.52.243,15,2024-11-16 19:26:48.666360
96,,103.186.52.240,15,2024-11-16 19:26:36.576330
97,,103.59.179.16,15,2024-11-22 14:29:23.850573
98,,119.30.41.92,11,2024-11-16 21:43:40.408861
99,,119.30.41.92,11,2024-11-16 18:07:09.213196
100,,169.231.141.114,10,2024-11-21 03:23:12.969734
101,,199.111.113.142,25,2024-11-23 00:01:04.674735
102,,169.231.84.55,10,2024-11-22 23:06:50.890310
103,,186.206.104.4,5,2024-11-20 14:49:50.244661
104,,138.204.24.77,5,2024-11-20 03:16:26.922021
105,,128.187.116.8,35,2024-11-19 15:02:15.539627
106,,107.123.33.83,28,2024-11-16 18:15:48.693080
107,,103.94.134.48,11,2024-11-22 17:00:37.396238
108,,136.36.171.204,35,2024-11-22 14:06:44.331693
109,,69.176.153.49,21,2024-11-16 18:19:20.445855
110,,79.116.243.160,22,2024-11-16 22:10:04.594179
111,,129.19.163.254,7,2024-11-21 16:00:27.758731
112,,117.253.103.144,39,2024-11-17 08:00:12.789079
113,,117.253.103.144,39,2024-11-16 18:20:22.081487
114,,47.197.240.214,28,2024-11-16 21:12:58.983751
115,,96.66.89.62,7,2024-11-18 23:16:07.288472
116,,146.70.11.35,28,2024-11-16 18:31:30.206758
117,,107.13.75.98,32,2024-11-21 00:33:25.267012
118,,150.214.205.65,22,2024-11-16 21:41:39.260330
119,,167.249.190.91,5,2024-11-16 22:26:32.026728
120,,103.35.168.91,17,2024-11-16 18:51:47.784253
121,,177.92.55.183,5,2024-11-17 17:48:33.052964
122,,99.7.8.169,1,2024-11-16 19:46:22.716179
123,,169.231.241.98,10,2024-11-22 23:36:00.906702
124,,103.220.204.38,17,2024-11-22 07:40:10.203984
125,,174.208.231.120,8,2024-11-16 20:09:54.133572
126,,103.143.139.176,15,2024-11-17 02:31:10.470196
127,,27.59.211.2,39,2024-11-17 05:11:59.970316
128,,104.184.205.109,21,2024-11-16 20:58:35.918392
129,,149.22.94.91,32,2024-11-17 00:45:01.867219
130,,128.187.116.23,35,2024-11-20 18:13:05.515003
131,,169.231.179.68,10,2024-11-22 23:47:50.475107
132,,169.231.196.241,18,2024-11-19 03:07:54.883388
133,,2.59.157.156,28,2024-11-16 22:12:35.082497
134,,172.72.40.51,32,2024-11-17 18:13:23.381941
135,,174.55.74.62,19,2024-11-17 02:56:03.476809
136,,73.209.175.246,8,2024-11-22 23:09:16.341076
137,,212.225.225.46,22,2024-11-16 22:17:25.303136
138,,173.230.0.29,25,2024-11-16 19:20:51.958147
139,,110.76.129.227,17,2024-11-19 17:26:36.017613
140,,74.213.237.145,19,2024-11-20 15:01:55.036766
141,,108.147.2.109,25,2024-11-16 19:25:05.039644
142,,128.211.251.207,9,2024-11-16 19:31:12.294801
143,,116.204.148.22,17,2024-11-19 20:24:46.049344
144,,104.28.235.116,9,2024-11-16 20:31:32.280687
145,,104.28.235.116,9,2024-11-16 19:31:20.782090
146,,104.28.235.116,9,2024-11-16 19:31:20.782090
147,,102.17.120.231,38,2024-11-16 21:05:31.182001
148,,102.129.153.91,28,2024-11-16 19:34:01.476465
149,,102.129.153.91,28,2024-11-16 19:34:01.478280
150,,169.231.108.132,10,2024-11-22 23:36:17.363286
151,,45.86.210.143,22,2024-11-16 19:40:51.925583
152,,173.230.6.174,9,2024-11-16 19:42:40.922826
153,,72.185.249.209,28,2024-11-16 22:08:21.975080
154,,67.22.27.35,19,2024-11-19 20:01:56.485682
155,,169.231.185.139,18,2024-11-17 02:45:16.255087
156,,169.231.185.139,18,2024-11-16 19:44:59.261543
157,,169.231.185.139,18,2024-11-16 19:44:59.261693
158,,71.207.15.92,19,2024-11-22 23:10:35.275899
159,,104.28.203.115,9,2024-11-16 19:46:12.908878
160,,199.111.113.143,25,2024-11-16 20:54:51.065640
161,,104.28.203.116,9,2024-11-16 19:51:12.921296
162,,75.249.248.75,25,2024-11-18 13:07:22.153465
163,,199.111.113.142,26,2024-11-17 22:40:30.082025
164,,103.231.163.112,14,2024-11-21 14:52:46.600216
165,,136.36.184.180,35,2024-11-21 06:13:14.125244
166,,169.231.215.150,33,2024-11-22 23:06:43.375284
167,,128.211.252.35,9,2024-11-16 20:19:49.142536
168,,84.55.112.44,18,2024-11-21 02:09:17.484551
169,,104.39.246.44,19,2024-11-16 20:22:02.823501
170,,104.39.129.35,19,2024-11-16 20:23:21.546770
171,,46.6.167.100,22,2024-11-16 20:40:37.564125
172,,153.33.219.22,19,2024-11-18 00:13:27.405294
173,,174.206.104.233,25,2024-11-16 20:43:17.346310
174,,98.182.18.161,1,2024-11-22 22:19:36.651851
175,,81.38.116.195,22,2024-11-17 10:55:55.399633
176,,169.231.70.18,18,2024-11-17 00:08:37.234824
177,,50.30.182.24,33,2024-11-18 05:59:01.963067
178,,50.30.182.24,33,2024-11-16 21:00:58.204691
179,,169.231.164.100,27,2024-11-21 09:03:43.873758
180,,103.231.163.113,14,2024-11-21 13:42:46.524028
181,,116.204.148.23,17,2024-11-19 19:44:45.991999
182,,152.58.218.186,39,2024-11-16 22:16:22.047968
183,,152.58.218.186,39,2024-11-16 21:10:28.294289
184,,152.58.218.186,39,2024-11-16 21:10:28.293461
185,,169.231.177.52,33,2024-11-23 00:01:16.046524
186,,128.210.106.51,9,2024-11-22 21:53:12.922275
187,,174.206.100.13,25,2024-11-16 22:37:43.818986
188,,128.211.255.44,9,2024-11-16 21:45:33.258896
189,,128.210.107.85,9,2024-11-22 21:33:41.409920
190,,104.28.203.117,9,2024-11-16 23:35:21.793488
191,,136.36.36.164,35,2024-11-16 22:02:56.193961
192,,144.2.165.88,22,2024-11-19 07:40:12.450307
193,,174.197.66.34,18,2024-11-16 22:20:27.753597
194,,103.60.175.24,11,2024-11-22 09:53:42.240957
195,,86.127.251.232,22,2024-11-17 20:35:35.112369
196,,136.36.164.124,35,2024-11-19 14:16:46.265973
197,,104.38.85.96,19,2024-11-16 22:37:33.254642
198,,79.145.210.228,22,2024-11-17 18:28:40.226695
199,,71.120.223.14,25,2024-11-16 22:40:44.721307
200,,169.231.241.129,33,2024-11-22 23:54:12.981593
201,,169.231.149.142,1,2024-11-20 02:47:20.460008
202,,92.172.211.157,22,2024-11-18 07:56:47.475779
203,,92.172.211.157,22,2024-11-16 22:45:18.986535
204,,72.28.186.174,34,2024-11-17 19:40:52.048896
205,,169.231.126.192,33,2024-11-18 19:48:33.485829
206,,169.231.126.192,33,2024-11-16 22:57:43.464204
207,,87.221.23.27,22,2024-11-17 15:23:40.098016
208,,128.111.49.70,1,2024-11-22 23:11:40.700765
209,,169.231.185.31,18,2024-11-17 01:10:47.630921
210,,104.28.203.120,9,2024-11-16 23:04:10.310718
211,,104.28.235.120,9,2024-11-16 23:09:11.082644
212,,174.206.101.187,25,2024-11-16 23:23:19.161501
213,,169.231.166.89,1,2024-11-17 02:06:40.978337
214,,70.161.131.133,26,2024-11-22 20:44:17.332474
215,,99.13.218.177,32,2024-11-17 03:58:10.059832
216,,185.104.139.32,1,2024-11-16 23:46:05.585033
217,,73.120.197.48,8,2024-11-22 07:31:40.669402
218,,172.56.67.167,34,2024-11-16 23:46:25.794159
219,,65.246.138.162,1,2024-11-16 23:51:40.514801
220,,142.202.49.117,27,2024-11-16 23:56:37.735665
221,,104.28.235.118,9,2024-11-17 00:00:00.522879
222,,104.38.95.20,19,2024-11-19 00:42:07.193661
223,,199.111.113.141,26,2024-11-17 04:55:51.098758
224,,98.46.133.111,8,2024-11-18 00:33:19.067169
225,,172.56.67.161,34,2024-11-17 00:37:26.778699
226,,172.56.67.161,34,2024-11-17 00:37:26.774415
227,,172.56.67.161,34,2024-11-17 00:37:26.777908
228,,136.36.44.223,35,2024-11-18 05:23:42.946543
229,,66.7.118.21,35,2024-11-20 05:16:14.079401
230,,66.7.118.29,35,2024-11-20 05:21:14.276690
231,,66.7.118.29,35,2024-11-17 00:59:10.546528
232,,66.7.118.29,35,2024-11-17 00:59:10.547736
233,,136.54.64.211,32,2024-11-22 09:39:22.597507
234,,136.36.190.129,35,2024-11-22 14:34:49.390848
235,,98.46.191.51,8,2024-11-17 23:02:09.417957
236,,103.94.134.4,11,2024-11-21 13:47:05.076985
237,,129.2.89.241,27,2024-11-17 06:49:08.116651
238,,187.88.109.223,5,2024-11-17 01:45:49.120034
239,,104.28.240.84,14,2024-11-17 07:10:43.711146
240,,69.162.253.221,35,2024-11-17 01:50:33.447105
241,,69.162.253.221,35,2024-11-17 01:50:33.449284
242,,174.52.144.7,35,2024-11-17 05:48:25.529936
243,,103.149.147.169,14,2024-11-22 04:59:42.039481
244,,104.28.240.85,14,2024-11-17 17:15:54.983314
245,,174.208.229.217,8,2024-11-17 05:08:03.620742
246,,73.64.249.210,19,2024-11-19 06:06:28.530422
247,,172.56.66.211,34,2024-11-17 02:13:04.918646
248,,172.56.66.241,34,2024-11-17 02:14:13.462944
249,,104.28.208.84,14,2024-11-19 04:03:15.381828
250,,37.111.212.234,11,2024-11-17 18:02:10.332909
251,,172.56.67.5,34,2024-11-17 03:00:56.508730
252,,104.28.208.85,14,2024-11-21 12:13:20.235738
253,,104.28.208.85,14,2024-11-17 03:01:01.009559
254,,172.56.121.136,27,2024-11-17 03:09:50.240194
255,,172.56.121.136,27,2024-11-17 03:09:50.240309
256,,128.211.255.49,9,2024-11-17 06:42:58.055223
257,,12.75.215.41,18,2024-11-17 04:45:37.139202
258,,12.75.215.41,18,2024-11-17 03:40:37.028203
259,,103.94.135.141,11,2024-11-20 05:09:16.502134
260,,169.231.72.11,18,2024-11-22 22:22:12.516453
261,,37.111.212.252,11,2024-11-17 04:19:59.402208
262,,169.231.78.78,10,2024-11-22 22:32:52.328621
263,,169.231.111.44,10,2024-11-18 10:10:25.650851
264,,68.202.27.104,28,2024-11-22 16:00:09.793330
265,,169.231.74.240,18,2024-11-17 04:25:15.083985
266,,177.220.172.0,5,2024-11-17 19:11:17.574483
267,,98.185.223.135,18,2024-11-22 20:49:30.925048
268,,98.185.223.135,18,2024-11-17 04:42:04.424582
269,,169.231.104.122,10,2024-11-18 00:15:55.774896
270,,169.231.149.15,10,2024-11-22 23:43:37.536598
271,,152.58.217.149,39,2024-11-17 05:05:20.465471
272,,104.194.110.246,8,2024-11-17 05:05:46.633034
273,,184.189.221.203,18,2024-11-22 04:38:10.996689
274,,103.94.134.48,15,2024-11-19 11:48:43.271750
275,,223.239.3.240,39,2024-11-17 06:14:19.490682
276,,117.193.77.254,39,2024-11-22 17:45:36.597486
277,,152.58.203.188,39,2024-11-17 06:40:55.539229
278,,106.200.86.16,39,2024-11-17 12:35:25.813494
279,,103.230.106.55,14,2024-11-17 05:49:59.603378
280,,123.63.2.2,20,2024-11-18 10:11:49.194081
281,,103.94.135.141,17,2024-11-18 05:08:57.829312
282,,59.153.102.114,15,2024-11-17 06:16:16.741036
283,,49.14.179.8,39,2024-11-17 06:19:24.784901
284,,103.230.106.54,15,2024-11-17 06:19:51.131506
285,,103.230.105.51,15,2024-11-17 06:20:48.603209
286,,47.146.66.230,18,2024-11-22 15:50:56.452621
287,,42.104.157.35,39,2024-11-17 06:40:52.291299
288,,37.111.212.67,11,2024-11-17 08:24:15.639080
289,,106.194.32.111,39,2024-11-17 08:12:06.314148
290,,152.58.202.8,39,2024-11-17 08:40:47.126249
291,,128.211.255.11,9,2024-11-17 20:05:57.646958
292,,152.58.201.22,39,2024-11-17 11:49:50.086829
293,,12.75.215.35,18,2024-11-17 08:51:51.510461
294,,12.75.215.35,18,2024-11-17 07:46:53.031308
295,,90.94.39.160,22,2024-11-19 09:05:22.293948
296,,84.125.104.229,22,2024-11-17 07:51:47.292599
297,,86.127.227.204,22,2024-11-17 07:59:37.078557
298,,81.37.218.165,22,2024-11-17 21:11:54.016959
299,,152.58.216.204,39,2024-11-17 09:01:16.949455
300,,185.212.107.20,18,2024-11-17 09:03:37.211690
301,,103.161.144.209,12,2024-11-17 09:16:30.506117
302,,175.184.253.10,20,2024-11-18 10:06:48.872925
303,,27.63.223.126,39,2024-11-17 10:47:36.760138
304,,152.58.203.171,39,2024-11-17 10:53:50.178245
305,,77.243.87.100,22,2024-11-17 09:54:07.136200
306,,45.86.210.170,22,2024-11-17 09:54:12.435716
307,,152.58.218.93,39,2024-11-17 11:01:52.476817
308,,103.230.104.44,14,2024-11-17 10:31:51.035514
309,,176.9.113.53,39,2024-11-17 10:32:38.664333
310,,175.41.47.206,11,2024-11-22 05:04:18.305518
311,,78.30.8.47,22,2024-11-17 10:45:14.597899
312,,195.77.156.145,22,2024-11-17 10:50:27.286942
313,,27.63.223.96,39,2024-11-17 12:52:33.383803
314,,169.231.11.91,10,2024-11-20 11:51:18.926292
315,,188.165.135.199,39,2024-11-17 11:32:40.436203
316,,79.145.137.246,22,2024-11-18 13:06:02.212944
317,,42.108.125.33,39,2024-11-17 17:19:17.016178
318,,87.222.102.118,22,2024-11-17 17:24:53.613748
319,,103.199.84.77,11,2024-11-20 14:00:27.938298
320,,103.12.173.235,11,2024-11-22 11:58:08.696365
321,,161.69.67.43,18,2024-11-18 12:18:36.524125
322,,161.69.91.13,18,2024-11-17 12:33:45.279838
323,,58.145.187.254,15,2024-11-17 13:37:39.048968
324,,152.58.238.249,36,2024-11-17 12:41:02.886478
325,,152.58.218.210,39,2024-11-17 12:42:18.812808
326,,152.59.223.80,39,2024-11-17 16:49:48.296332
327,,152.59.223.80,39,2024-11-17 12:49:50.764684
328,,131.161.61.176,5,2024-11-22 03:53:04.607710
329,,103.12.173.234,11,2024-11-22 11:57:39.568165
330,,152.58.216.75,39,2024-11-17 13:46:28.581972
331,,152.58.199.96,29,2024-11-17 13:49:04.131535
332,,103.12.173.233,11,2024-11-22 11:08:52.585567
333,,84.55.112.76,18,2024-11-20 15:24:12.192059
334,,103.86.198.154,11,2024-11-22 17:06:06.383628
335,,45.87.213.229,11,2024-11-17 14:29:39.608177
336,,104.28.251.122,29,2024-11-22 18:21:51.547508
337,,107.77.230.233,33,2024-11-17 20:14:31.753393
338,,152.58.218.15,39,2024-11-17 15:24:55.798711
339,,104.28.219.122,29,2024-11-22 16:56:50.862833
340,,104.28.219.121,29,2024-11-22 17:21:51.428211
341,,104.28.219.121,29,2024-11-17 16:32:21.734777
342,,185.247.164.158,22,2024-11-19 22:36:00.163357
343,,104.190.113.161,32,2024-11-17 18:57:38.998178
344,,104.28.251.121,29,2024-11-22 16:36:51.179910
345,,35.145.212.22,28,2024-11-22 21:09:07.478754
346,,152.58.218.86,39,2024-11-17 17:38:23.528128
347,,49.15.203.144,39,2024-11-17 17:40:40.847988
348,,128.211.252.119,9,2024-11-17 17:40:46.432880
349,,128.210.106.82,9,2024-11-17 17:45:34.218482
350,,169.231.48.156,33,2024-11-17 17:55:13.395374
351,,169.231.48.156,33,2024-11-17 17:55:13.408340
352,,192.145.116.65,19,2024-11-18 00:36:57.980808
353,,185.197.192.25,28,2024-11-17 18:37:25.632243
354,,137.112.222.244,24,2024-11-17 21:33:01.503231
355,,103.12.173.232,11,2024-11-22 11:57:37.475420
356,,169.231.11.81,33,2024-11-21 06:06:08.907491
357,,192.145.116.153,19,2024-11-18 05:35:09.234923
358,,149.169.48.255,1,2024-11-17 19:04:49.349309
359,,68.180.39.25,32,2024-11-18 18:06:57.646998
360,,177.220.173.189,5,2024-11-17 22:31:55.938141
361,,192.145.116.64,19,2024-11-18 04:55:27.437491
362,,107.77.230.195,33,2024-11-17 19:23:30.610733
363,,172.56.179.55,18,2024-11-17 19:27:30.333885
364,,200.207.148.29,5,2024-11-20 02:35:54.972157
365,,149.169.48.127,1,2024-11-17 19:49:54.532942
366,,172.58.1.236,34,2024-11-17 19:54:41.506688
367,,128.211.252.49,9,2024-11-17 23:12:08.189822
368,,128.211.251.167,9,2024-11-17 20:22:03.359636
369,,177.92.52.118,5,2024-11-17 20:28:02.260499
370,,169.231.61.15,33,2024-11-21 02:41:37.793373
371,,104.28.50.160,35,2024-11-17 20:54:00.500866
372,,152.59.222.116,39,2024-11-17 21:11:02.959021
373,,152.59.222.116,39,2024-11-17 21:11:02.959277
374,,152.59.222.116,39,2024-11-17 21:11:02.959390
375,,128.211.251.242,9,2024-11-17 21:19:08.412476
376,,85.54.159.98,22,2024-11-17 21:26:22.636910
377,,2.59.157.160,28,2024-11-17 21:29:30.792885
378,,166.198.125.186,33,2024-11-17 21:34:01.104460
379,,131.239.101.58,28,2024-11-20 00:17:23.064747
380,,185.203.218.233,28,2024-11-17 21:58:58.084342
381,,2.59.157.226,28,2024-11-17 22:04:20.616941
382,,149.22.94.8,32,2024-11-18 04:18:51.265189
383,,160.19.10.129,26,2024-11-21 12:40:27.968556
384,,149.169.48.244,1,2024-11-17 22:24:30.922307
385,,174.227.175.102,18,2024-11-17 22:26:16.534232
386,,45.88.220.37,19,2024-11-17 23:14:27.391551
387,,45.85.144.237,19,2024-11-17 23:30:40.556626
388,,94.140.11.6,28,2024-11-17 23:51:27.692282
389,,68.109.168.219,1,2024-11-22 23:18:17.562029
390,,199.111.113.144,25,2024-11-18 00:06:22.252766
391,,199.111.113.144,25,2024-11-18 00:06:22.255039
392,,47.195.213.181,28,2024-11-18 00:18:29.890821
393,,94.140.11.59,28,2024-11-18 00:35:23.060500
394,,185.243.57.179,28,2024-11-18 00:45:59.140235
395,,37.111.212.68,11,2024-11-18 12:30:23.888716
396,,169.231.11.9,10,2024-11-22 12:27:39.180656
397,,169.231.112.102,10,2024-11-22 23:52:37.750577
398,,38.124.72.120,8,2024-11-22 18:02:31.153992
399,,192.145.116.39,19,2024-11-18 03:33:31.096430
400,,45.88.220.34,19,2024-11-18 02:32:00.636615
401,,152.58.216.192,39,2024-11-18 02:46:56.304281
402,,195.252.220.70,9,2024-11-18 19:24:48.840419
403,,103.230.105.3,14,2024-11-18 03:13:44.870255
404,,98.202.114.212,31,2024-11-18 04:13:22.443126
405,,37.111.194.211,11,2024-11-18 03:26:11.798608
406,,152.58.201.161,39,2024-11-18 03:39:37.215758
407,,152.59.222.131,39,2024-11-18 03:52:01.628689
408,,37.111.193.82,14,2024-11-18 04:08:49.352222
409,,37.111.193.82,14,2024-11-18 04:08:49.352747
410,,37.111.193.82,14,2024-11-18 04:08:49.353452
411,,107.13.169.33,32,2024-11-22 09:23:20.702298
412,,182.163.97.126,11,2024-11-18 06:57:54.054125
413,,45.64.132.150,11,2024-11-18 06:08:31.234917
414,,45.64.132.132,11,2024-11-18 05:57:17.356815
415,,42.104.154.135,39,2024-11-18 06:17:26.963662
416,,152.59.223.227,39,2024-11-18 06:58:40.328112
417,,152.59.223.227,39,2024-11-18 05:27:11.082779
418,,152.59.223.227,39,2024-11-18 05:27:11.083186
419,,152.58.219.219,39,2024-11-18 07:09:45.821759
420,,152.58.219.219,39,2024-11-18 06:04:33.800804
421,,152.58.219.219,39,2024-11-18 06:04:33.802292
422,,119.30.32.82,11,2024-11-18 13:43:10.668932
423,,107.116.170.66,10,2024-11-18 06:49:55.366265
424,,42.108.125.82,39,2024-11-18 09:11:43.942281
425,,178.73.37.18,18,2024-11-18 08:30:49.376347
426,,152.58.218.119,39,2024-11-18 10:16:42.889626
427,,152.58.218.119,39,2024-11-18 09:09:52.534675
428,,42.105.159.17,39,2024-11-18 09:26:22.089307
429,,80.25.127.247,22,2024-11-18 10:29:53.513578
430,,42.105.159.56,39,2024-11-18 09:44:22.115485
431,,42.105.159.56,39,2024-11-18 09:44:22.115731
432,,152.58.201.171,39,2024-11-18 10:09:31.135761
433,,42.104.156.11,39,2024-11-18 17:04:38.787279
434,,200.236.31.66,5,2024-11-22 23:27:37.435667
435,,103.103.33.202,14,2024-11-18 12:22:17.568379
436,,103.231.161.154,14,2024-11-21 14:42:55.539753
437,,152.59.223.118,39,2024-11-18 16:03:42.399167
438,,152.59.223.57,39,2024-11-18 12:28:31.925505
439,,45.248.151.119,14,2024-11-18 12:37:01.685033
440,,5.226.109.237,18,2024-11-18 12:38:04.283638
441,,152.58.200.140,39,2024-11-18 12:38:32.273382
442,,27.97.169.238,39,2024-11-18 13:47:48.347852
443,,59.88.182.130,29,2024-11-18 12:43:23.837026
444,,59.88.182.130,29,2024-11-18 12:43:23.836886
445,,59.88.182.130,29,2024-11-18 12:43:23.841465
446,,185.125.224.20,18,2024-11-18 13:07:55.830417
447,,128.210.107.130,9,2024-11-19 15:54:27.646649
448,,128.210.107.130,9,2024-11-18 13:21:25.892955
449,,117.207.68.252,29,2024-11-18 14:56:08.035305
450,,42.105.230.21,39,2024-11-18 13:52:19.215518
451,,27.63.223.97,39,2024-11-18 18:48:37.088360
452,,152.59.223.197,39,2024-11-18 16:49:55.214972
453,,37.111.212.119,11,2024-11-18 15:30:11.385392
454,,150.214.205.74,22,2024-11-18 17:03:21.830538
455,,103.186.52.241,15,2024-11-21 06:30:50.043418
456,,128.211.250.182,9,2024-11-18 15:53:19.869779
457,,203.188.245.210,15,2024-11-18 15:11:32.373392
458,,107.77.228.167,33,2024-11-18 15:14:10.709623
459,,107.77.228.167,33,2024-11-18 15:14:10.710381
460,,106.222.239.102,39,2024-11-18 17:41:32.342542
461,,106.222.239.102,39,2024-11-18 15:31:23.010559
462,,128.210.107.131,9,2024-11-18 15:52:11.725076
463,,107.77.228.151,33,2024-11-18 15:54:10.655529
464,,107.77.228.24,33,2024-11-18 16:15:16.736830
465,,107.77.228.24,33,2024-11-18 16:15:16.740042
466,,128.211.248.126,9,2024-11-18 16:17:04.839922
467,,128.211.250.213,9,2024-11-18 16:20:36.350728
468,,169.231.240.107,18,2024-11-20 21:39:13.768252
469,,199.111.113.144,26,2024-11-20 13:57:52.552663
470,,103.186.52.246,15,2024-11-22 08:56:53.249024
471,,104.194.103.17,8,2024-11-18 19:53:03.267748
472,,104.194.103.17,8,2024-11-18 17:22:06.751728
473,,104.194.103.17,8,2024-11-18 17:22:06.753142
474,,104.194.103.17,8,2024-11-18 17:22:06.753500
475,,37.111.212.105,11,2024-11-18 17:27:31.438310
476,,128.210.106.62,9,2024-11-18 18:34:58.021198
477,,128.111.48.62,1,2024-11-22 23:34:45.150686
478,,200.17.212.243,5,2024-11-22 23:59:52.893369
479,,149.22.94.9,32,2024-11-18 17:54:15.316952
480,,128.187.116.14,35,2024-11-19 01:36:59.533092
481,,128.187.116.7,35,2024-11-18 22:19:46.259451
482,,128.111.48.33,1,2024-11-22 23:17:33.293709
483,,108.29.0.187,1,2024-11-18 18:05:29.874425
484,,37.111.201.187,11,2024-11-19 15:42:50.168505
485,,152.58.203.140,39,2024-11-18 18:16:13.011571
486,,37.111.201.130,11,2024-11-18 18:39:11.793210
487,,104.39.109.181,19,2024-11-18 21:55:03.240645
488,,128.211.251.225,9,2024-11-18 18:22:44.597714
489,,152.58.202.211,39,2024-11-18 18:26:21.295464
490,,150.214.205.57,22,2024-11-18 18:50:37.544772
491,,152.7.255.198,32,2024-11-22 23:40:35.759571
492,,152.58.218.246,39,2024-11-19 03:35:41.059949
493,,152.58.218.246,39,2024-11-18 19:07:21.070407
494,,45.118.244.12,14,2024-11-22 17:26:09.619453
495,,169.231.49.155,18,2024-11-18 19:43:00.111516
496,,128.210.106.81,9,2024-11-20 21:28:51.773126
497,,128.210.106.65,9,2024-11-18 19:48:43.295498
498,,128.210.106.65,9,2024-11-18 19:48:43.297928
499,,207.144.25.165,34,2024-11-22 18:02:04.005080
500,,128.210.106.58,9,2024-11-18 21:14:22.209245
501,,104.39.253.90,19,2024-11-18 20:21:55.044713
502,,104.38.41.61,19,2024-11-18 20:50:42.016422
503,,128.187.83.1,35,2024-11-18 20:56:12.744424
504,,172.56.123.1,27,2024-11-18 21:28:50.755635
505,,172.56.123.1,27,2024-11-18 21:28:50.755629
506,,172.56.123.1,27,2024-11-18 21:28:50.758998
507,,169.231.181.61,18,2024-11-19 00:08:01.136305
508,,169.231.181.61,18,2024-11-18 21:56:30.474479
509,,169.231.81.2,10,2024-11-18 23:11:31.419715
510,,153.33.219.24,19,2024-11-20 23:14:40.280830
511,,169.231.134.16,18,2024-11-18 23:55:49.110986
512,,169.231.134.16,18,2024-11-18 22:33:56.803808
513,,169.231.134.16,18,2024-11-18 22:33:56.805265
514,,181.214.151.80,28,2024-11-18 22:51:03.054755
515,,209.76.51.73,9,2024-11-18 22:56:54.226798
516,,209.76.51.123,9,2024-11-18 23:01:02.230511
517,,169.231.174.77,10,2024-11-19 22:17:40.546279
518,,50.30.182.22,33,2024-11-22 23:53:40.824123
519,,50.30.182.22,33,2024-11-18 23:58:14.344791
520,,172.59.228.227,7,2024-11-20 02:44:23.469398
521,,172.56.122.10,33,2024-11-19 00:23:05.144553
522,,169.231.158.147,10,2024-11-20 01:52:43.495142
523,,169.231.103.130,10,2024-11-21 20:47:38.559564
524,,128.210.107.129,9,2024-11-19 01:22:10.941356
525,,169.231.129.18,1,2024-11-20 03:37:41.044860
526,,108.147.175.69,1,2024-11-20 03:25:21.669946
527,,103.230.107.49,11,2024-11-19 03:24:42.874035
528,,117.232.142.45,12,2024-11-20 09:55:14.955815
529,,37.111.201.106,11,2024-11-19 03:55:50.673737
530,,103.230.104.13,11,2024-11-19 04:00:32.036523
531,,152.58.202.114,39,2024-11-19 04:03:46.969466
532,,152.58.218.157,39,2024-11-19 04:19:54.917552
533,,128.211.251.145,9,2024-11-19 04:50:08.816323
534,,68.6.117.155,18,2024-11-22 18:35:06.934084
535,,37.111.192.92,11,2024-11-19 07:43:48.833128
536,,129.2.89.161,27,2024-11-19 11:19:11.220665
537,,152.59.222.98,39,2024-11-19 05:11:48.578766
538,,152.58.216.217,39,2024-11-20 03:51:33.272088
539,,59.152.3.30,14,2024-11-19 06:09:19.453416
540,,152.59.222.105,39,2024-11-19 06:09:49.826450
541,,152.59.222.105,39,2024-11-19 06:09:49.822943
542,,37.111.206.55,14,2024-11-19 06:12:32.205402
543,,103.94.135.141,14,2024-11-19 06:14:41.560758
544,,37.111.194.111,14,2024-11-19 06:12:15.541969
545,,37.111.194.111,14,2024-11-19 06:12:15.542840
546,,59.152.3.94,14,2024-11-19 06:16:36.332785
547,,59.152.3.94,14,2024-11-19 06:15:35.182665
548,,68.2.155.92,10,2024-11-22 23:54:36.507164
549,,106.222.179.189,39,2024-11-19 06:57:16.773780
550,,106.222.179.189,39,2024-11-19 06:57:16.774041
551,,106.205.160.58,39,2024-11-19 07:01:38.420046
552,,117.246.247.67,39,2024-11-19 07:03:18.532410
553,,117.246.87.196,39,2024-11-19 07:03:33.503541
554,,117.246.87.196,39,2024-11-19 07:03:21.559714
555,,1.39.115.134,39,2024-11-19 08:58:18.186663
556,,103.231.161.155,14,2024-11-19 08:38:03.023669
557,,106.194.32.124,39,2024-11-19 10:44:06.160194
558,,42.104.156.144,39,2024-11-19 10:13:56.762588
559,,223.239.36.255,39,2024-11-19 09:29:29.387774
560,,42.104.155.152,39,2024-11-19 10:22:39.533372
561,,42.104.157.17,39,2024-11-19 10:25:00.708308
562,,152.58.219.183,39,2024-11-19 10:49:34.291650
563,,47.31.128.19,39,2024-11-19 12:06:16.430075
564,,42.105.159.46,39,2024-11-19 15:55:56.085351
565,,194.47.249.14,18,2024-11-20 13:17:29.828591
566,,1.39.118.110,12,2024-11-19 13:16:11.873656
567,,47.31.143.231,39,2024-11-19 15:26:44.388289
568,,104.39.134.174,19,2024-11-19 16:22:15.720754
569,,59.182.247.14,29,2024-11-19 14:47:42.177440
570,,152.58.200.209,39,2024-11-19 14:58:56.363565
571,,1.39.117.203,12,2024-11-19 16:24:05.433181
572,,138.199.50.3,28,2024-11-19 15:24:36.428203
573,,152.59.223.74,39,2024-11-19 15:24:36.790605
574,,107.77.228.229,33,2024-11-19 15:42:09.881028
575,,107.77.228.90,33,2024-11-19 15:53:13.907782
576,,169.231.113.146,33,2024-11-20 23:21:37.670428
577,,169.231.113.146,33,2024-11-19 17:00:52.109992
578,,27.63.223.111,39,2024-11-19 18:06:44.329394
579,,103.87.214.211,11,2024-11-19 17:11:43.668352
580,,152.7.255.194,32,2024-11-19 17:16:24.537143
581,,150.214.205.72,22,2024-11-19 17:39:30.527351
582,,37.10.128.165,22,2024-11-19 17:51:06.560170
583,,90.167.158.170,22,2024-11-19 17:51:17.002587
584,,104.38.39.32,19,2024-11-19 17:58:42.957583
585,,128.187.116.30,35,2024-11-22 16:56:28.599094
586,,128.211.255.41,9,2024-11-19 18:06:31.812251
587,,128.211.255.41,9,2024-11-19 18:06:31.816202
588,,37.111.212.250,11,2024-11-20 09:42:01.329723
589,,169.231.187.33,18,2024-11-20 00:29:02.490480
590,,172.56.123.199,18,2024-11-19 18:41:12.252792
591,,37.111.212.62,11,2024-11-19 20:00:04.021653
592,,169.231.129.240,18,2024-11-20 01:12:42.055516
593,,169.231.129.240,18,2024-11-19 19:03:00.983262
594,,169.231.188.26,18,2024-11-19 19:12:01.244623
595,,169.231.188.26,18,2024-11-19 19:12:01.247134
596,,45.16.73.74,34,2024-11-20 16:02:12.482152
597,,152.58.200.46,39,2024-11-20 03:20:13.100578
598,,172.56.65.17,34,2024-11-19 20:04:45.419848
599,,172.56.65.17,34,2024-11-19 20:04:45.420933
600,,207.144.25.170,34,2024-11-19 22:17:47.702936
601,,149.233.40.141,18,2024-11-22 23:19:59.041619
602,,37.111.212.100,11,2024-11-19 20:16:56.494565
603,,128.187.116.11,35,2024-11-20 02:50:36.204363
604,,193.36.224.207,28,2024-11-19 20:56:50.528330
605,,64.131.107.103,8,2024-11-19 21:59:37.037085
606,,64.131.107.103,8,2024-11-19 20:59:10.098847
607,,128.211.255.48,9,2024-11-20 04:26:23.456235
608,,104.39.37.217,19,2024-11-20 00:08:11.540326
609,,169.231.73.24,18,2024-11-19 22:59:49.552527
610,,104.194.125.156,8,2024-11-20 03:15:22.018997
611,,104.194.125.156,8,2024-11-19 23:22:22.281142
612,,104.194.125.156,8,2024-11-19 23:22:22.283829
613,,128.111.48.62,40,2024-11-20 00:07:42.058964
614,,187.168.112.221,40,2024-11-20 00:42:52.302091
615,,169.231.200.123,18,2024-11-22 23:03:44.466639
616,,189.233.167.58,40,2024-11-20 13:24:41.195586
617,,187.169.111.117,40,2024-11-20 20:38:14.851322
618,,138.204.24.149,5,2024-11-22 14:23:13.513158
619,,187.189.221.118,40,2024-11-20 04:29:02.208382
620,,103.94.135.17,11,2024-11-20 03:01:31.411180
621,,103.230.107.27,11,2024-11-20 03:13:29.633204
622,,103.230.107.27,11,2024-11-20 03:13:29.633155
623,,103.230.107.27,11,2024-11-20 03:13:29.633846
624,,103.230.107.27,11,2024-11-20 03:13:29.635348
625,,103.230.107.27,11,2024-11-20 03:13:29.635589
626,,103.230.107.27,11,2024-11-20 03:13:29.636253
627,,103.230.107.27,11,2024-11-20 03:13:29.637246
628,,103.230.107.27,11,2024-11-20 03:13:29.637862
629,,103.230.105.30,11,2024-11-20 04:51:00.384466
630,,223.185.249.70,39,2024-11-20 05:22:16.928368
631,,59.152.1.207,14,2024-11-20 04:43:14.965389
632,,152.59.223.75,39,2024-11-20 04:46:31.035746
633,,152.59.222.159,39,2024-11-20 04:52:46.591118
634,,152.59.223.119,39,2024-11-20 05:02:48.725367
635,,106.216.132.223,39,2024-11-20 05:19:34.312551
636,,103.230.106.3,11,2024-11-20 05:22:34.251311
637,,64.222.228.139,32,2024-11-20 06:25:36.870261
638,,106.216.132.209,39,2024-11-20 05:27:42.322490
639,,118.185.87.5,12,2024-11-20 09:12:04.016220
640,,152.59.223.243,39,2024-11-20 06:06:31.507716
641,,47.31.135.247,39,2024-11-20 08:28:38.490808
642,,106.222.178.1,39,2024-11-20 06:28:30.102890
643,,106.222.176.141,39,2024-11-20 06:33:26.458393
644,,106.222.179.182,39,2024-11-20 06:35:58.346562
645,,106.205.167.85,39,2024-11-20 06:38:18.786395
646,,106.205.162.129,39,2024-11-20 06:40:46.207169
647,,106.222.182.175,39,2024-11-20 06:42:41.286830
648,,106.205.161.183,39,2024-11-20 06:45:30.931743
649,,106.222.179.139,39,2024-11-20 06:47:29.385351
650,,106.222.181.90,39,2024-11-20 06:47:54.898559
651,,106.205.166.10,39,2024-11-20 06:48:57.473810
652,,106.222.176.100,39,2024-11-20 06:50:59.026075
653,,106.205.167.8,39,2024-11-20 06:52:56.714700
654,,106.222.181.219,39,2024-11-20 06:53:49.307807
655,,106.222.176.108,39,2024-11-20 06:54:48.755242
656,,106.222.176.198,39,2024-11-20 06:55:47.374995
657,,68.180.39.254,32,2024-11-20 17:31:19.459105
658,,68.180.39.254,32,2024-11-20 07:27:49.529949
659,,42.104.157.133,39,2024-11-20 08:12:39.350496
660,,117.246.161.97,39,2024-11-20 08:31:28.680790
661,,117.246.79.83,39,2024-11-20 08:32:18.609659
662,,42.104.146.57,39,2024-11-20 08:43:58.489344
663,,42.104.146.57,39,2024-11-20 08:43:58.489874
664,,49.15.213.90,39,2024-11-20 08:58:29.301622
665,,160.202.144.208,14,2024-11-20 15:26:26.433257
666,,42.104.154.87,39,2024-11-20 11:34:30.984049
667,,141.23.210.74,18,2024-11-20 16:19:23.903299
668,,47.31.150.169,39,2024-11-20 20:21:34.838507
669,,104.151.62.49,18,2024-11-20 13:15:24.309219
670,,103.186.52.247,15,2024-11-20 13:35:56.948984
671,,160.202.144.212,14,2024-11-20 22:13:06.350086
672,,128.187.49.253,35,2024-11-20 15:08:50.630290
673,,107.77.230.98,33,2024-11-20 15:21:35.198299
674,,107.77.230.98,33,2024-11-20 15:21:35.199741
675,,106.216.139.0,39,2024-11-20 17:49:45.350397
676,,107.77.230.122,33,2024-11-20 17:14:11.043177
677,,207.144.25.169,34,2024-11-20 16:33:23.034143
678,,132.248.28.12,40,2024-11-20 16:37:07.593926
679,,132.248.28.13,40,2024-11-20 17:04:20.044282
680,,132.248.28.13,40,2024-11-20 17:04:20.044256
681,,107.77.230.214,33,2024-11-21 18:57:26.471286
682,,107.77.230.214,33,2024-11-20 17:50:06.362888
683,,169.231.240.190,1,2024-11-22 05:58:45.564127
684,,177.9.47.111,5,2024-11-22 20:18:35.238165
685,,104.39.132.171,19,2024-11-20 20:29:48.313543
686,,104.39.132.171,19,2024-11-20 18:22:33.409407
687,,104.39.132.171,19,2024-11-20 18:22:33.410379
688,,35.146.51.14,24,2024-11-20 18:49:41.760345
689,,75.17.34.144,32,2024-11-20 18:33:26.828799
690,,152.58.218.212,39,2024-11-20 18:33:45.769578
691,,169.231.240.158,10,2024-11-20 18:45:13.747284
692,,104.38.79.100,19,2024-11-20 18:56:08.898149
693,,169.231.136.201,18,2024-11-21 02:25:58.357482
694,,128.111.48.199,1,2024-11-22 23:53:07.667838
695,,174.238.7.160,18,2024-11-20 19:34:57.513417
696,,152.7.255.193,32,2024-11-20 19:55:51.892179
697,,169.231.79.132,18,2024-11-21 17:33:52.796414
698,,169.231.180.194,18,2024-11-22 23:00:54.622001
699,,169.231.180.194,18,2024-11-20 20:07:23.039706
700,,187.88.104.39,5,2024-11-20 20:39:56.029655
701,,132.248.28.14,40,2024-11-20 20:52:19.321265
702,,138.204.25.169,5,2024-11-22 17:04:30.298519
703,,152.7.255.200,32,2024-11-20 21:22:16.015580
704,,128.210.106.66,9,2024-11-20 23:36:59.028532
705,,128.210.106.49,9,2024-11-20 22:05:55.195806
706,,37.111.210.125,11,2024-11-20 21:48:23.262765
707,,37.111.242.193,11,2024-11-21 12:55:42.968437
708,,128.211.255.35,9,2024-11-21 08:00:12.778779
709,,128.211.255.35,9,2024-11-20 22:36:56.158723
710,,169.231.157.87,10,2024-11-22 01:05:52.010265
711,,12.74.212.54,32,2024-11-20 23:33:50.255630
712,,187.62.203.31,5,2024-11-22 18:56:24.155813
713,,169.231.94.79,18,2024-11-21 00:52:06.406257
714,,66.177.193.240,32,2024-11-21 02:29:55.030499
715,,128.211.251.240,9,2024-11-21 06:36:36.300815
716,,169.231.10.79,10,2024-11-21 12:56:52.553429
717,,47.31.155.64,39,2024-11-21 05:00:26.029340
718,,152.58.202.177,39,2024-11-21 05:05:34.293029
719,,106.205.167.92,39,2024-11-21 05:16:54.425311
720,,106.222.180.193,39,2024-11-21 05:18:32.096994
721,,106.205.165.245,39,2024-11-21 05:20:51.812499
722,,106.205.166.9,39,2024-11-21 05:24:38.923086
723,,152.58.218.160,39,2024-11-21 05:32:23.068538
724,,106.200.83.6,39,2024-11-21 06:07:36.804920
725,,47.31.189.173,39,2024-11-21 07:12:02.770053
726,,50.30.182.20,33,2024-11-21 06:13:07.652651
727,,50.30.182.20,33,2024-11-21 06:13:07.653048
728,,152.58.218.0,39,2024-11-21 08:40:09.571793
729,,152.58.216.92,39,2024-11-21 09:31:10.172064
730,,152.59.223.96,39,2024-11-21 18:49:40.176652
731,,128.211.255.26,9,2024-11-21 09:59:37.064237
732,,128.211.255.26,9,2024-11-21 09:59:37.065029
733,,47.31.174.156,39,2024-11-21 11:50:59.156384
734,,141.23.214.86,18,2024-11-22 15:40:05.581299
735,,103.182.166.2,12,2024-11-21 23:57:10.155054
736,,200.236.31.126,5,2024-11-21 19:46:59.250142
737,,117.255.176.102,39,2024-11-21 19:31:46.690113
738,,117.255.176.102,39,2024-11-21 13:48:40.613297
739,,68.6.122.82,1,2024-11-21 18:12:54.849621
740,,68.6.122.82,1,2024-11-21 14:58:05.298101
741,,103.166.244.106,12,2024-11-21 21:59:53.480238
742,,172.88.1.227,32,2024-11-21 16:23:09.509288
743,,169.231.240.110,18,2024-11-22 23:53:33.725800
744,,128.211.250.194,9,2024-11-21 16:48:51.714159
745,,37.111.206.124,11,2024-11-22 11:47:20.303358
746,,128.187.116.13,35,2024-11-21 19:28:12.033898
747,,107.77.230.150,33,2024-11-21 18:12:04.580697
748,,104.194.115.76,8,2024-11-21 19:36:06.293843
749,,104.194.115.76,8,2024-11-21 17:40:36.807474
750,,104.194.115.76,8,2024-11-21 17:40:36.808704
751,,104.194.115.76,8,2024-11-21 17:40:36.809695
752,,128.187.116.22,35,2024-11-22 16:40:29.937685
753,,128.211.255.9,9,2024-11-22 00:28:53.272078
754,,185.203.218.33,28,2024-11-21 18:21:28.317185
755,,45.85.144.247,19,2024-11-21 18:24:05.231194
756,,103.186.52.242,15,2024-11-22 08:56:51.415173
757,,103.186.52.242,15,2024-11-21 18:50:41.427560
758,,103.186.52.242,15,2024-11-21 18:50:41.430555
759,,152.58.218.98,39,2024-11-22 04:23:48.412692
760,,169.231.115.130,33,2024-11-22 22:42:30.940301
761,,169.231.59.211,33,2024-11-22 23:01:51.867365
762,,128.211.255.85,9,2024-11-21 21:17:03.600755
763,,185.203.218.32,28,2024-11-21 19:21:57.218476
764,,45.88.220.16,19,2024-11-21 20:02:38.390370
765,,64.131.107.62,8,2024-11-22 16:59:43.064539
766,,45.85.144.246,19,2024-11-21 20:41:27.476651
767,,185.134.146.185,18,2024-11-22 23:53:05.199388
768,,104.39.65.170,19,2024-11-22 21:29:51.256149
769,,128.111.181.4,27,2024-11-22 07:38:58.939472
770,,169.231.10.38,10,2024-11-22 17:19:24.037850
771,,194.5.154.5,19,2024-11-22 01:14:37.760853
772,,169.231.133.230,18,2024-11-22 23:17:58.269246
773,,103.166.244.104,12,2024-11-22 05:35:37.526260
774,,103.166.244.104,12,2024-11-22 01:20:32.904459
775,,103.42.197.4,12,2024-11-22 05:00:37.603964
776,,191.245.73.51,5,2024-11-22 02:49:03.358751
777,,184.161.253.153,32,2024-11-22 03:30:57.262036
778,,169.231.86.97,10,2024-11-22 03:29:35.281188
779,,107.77.229.158,33,2024-11-22 23:01:55.407921
780,,42.104.145.11,39,2024-11-22 04:02:53.504864
781,,117.98.6.80,39,2024-11-22 05:56:51.086498
782,,98.217.200.162,32,2024-11-22 04:02:21.478399
783,,98.217.200.162,32,2024-11-22 04:02:21.478752
784,,98.217.200.162,32,2024-11-22 04:02:21.478764
785,,95.164.116.41,32,2024-11-22 04:10:27.079186
786,,169.231.97.212,10,2024-11-23 00:00:02.531639
787,,47.31.147.50,39,2024-11-22 06:37:40.074397
788,,103.70.196.62,39,2024-11-22 06:28:41.085888
789,,50.30.182.27,33,2024-11-22 13:46:14.568209
790,,50.30.182.27,33,2024-11-22 06:00:48.088426
791,,172.56.177.7,33,2024-11-22 07:07:03.925001
792,,103.161.55.208,12,2024-11-22 07:28:07.082110
793,,152.58.200.227,39,2024-11-22 06:23:24.483416
794,,103.233.65.99,39,2024-11-22 08:38:13.292171
795,,37.111.206.198,11,2024-11-22 09:39:58.242996
796,,103.154.37.24,12,2024-11-22 09:50:14.580985
797,,103.154.37.24,12,2024-11-22 08:05:35.145433
798,,103.154.37.24,12,2024-11-22 08:05:35.145131
799,,103.154.37.24,12,2024-11-22 08:05:35.146060
800,,47.31.155.120,39,2024-11-22 08:08:57.710653
801,,47.31.142.184,39,2024-11-22 10:04:50.687037
802,,152.58.203.246,39,2024-11-22 10:05:07.354806
803,,103.199.84.76,11,2024-11-22 09:25:37.278826
804,,103.132.176.18,11,2024-11-22 10:29:58.931090
805,,152.58.218.44,39,2024-11-22 12:52:30.101145
806,,152.58.218.43,39,2024-11-22 09:46:54.648964
807,,103.166.245.8,12,2024-11-22 18:10:18.968565
808,,120.89.66.9,11,2024-11-22 10:27:48.334418
809,,114.130.156.197,11,2024-11-22 14:42:46.064255
810,,103.182.166.175,12,2024-11-22 12:35:01.238664
811,,103.113.13.52,11,2024-11-22 11:50:44.853088
812,,195.37.209.62,18,2024-11-22 12:29:08.189091
813,,42.104.154.216,39,2024-11-22 16:47:35.520381
814,,27.63.216.65,39,2024-11-22 15:36:16.613287
815,,152.58.219.173,39,2024-11-22 14:02:20.610705
816,,152.58.219.173,39,2024-11-22 12:57:21.489394
817,,152.59.222.155,39,2024-11-22 12:58:58.910737
818,,103.148.20.78,12,2024-11-22 15:44:22.576403
819,,152.59.222.199,39,2024-11-22 14:09:28.116081
820,,103.154.37.166,12,2024-11-22 16:27:03.859656
821,,88.130.217.192,1,2024-11-22 14:48:57.463431
822,,152.58.203.252,39,2024-11-22 15:41:12.290225
823,,152.58.203.252,39,2024-11-22 15:41:12.291729
824,,27.63.214.240,39,2024-11-22 15:43:44.213614
825,,200.17.212.228,5,2024-11-22 21:47:06.516462
826,,119.30.32.42,11,2024-11-22 21:18:44.314791
827,,27.63.223.100,39,2024-11-22 16:18:48.569870
828,,27.63.223.100,39,2024-11-22 16:18:48.571069
829,,207.144.25.185,34,2024-11-22 18:54:23.672837
830,,207.144.25.183,34,2024-11-22 18:08:11.862834
831,,46.183.108.61,28,2024-11-22 18:53:21.806508
832,,152.58.203.125,39,2024-11-22 19:12:07.576561
833,,152.58.203.125,39,2024-11-22 18:04:58.035421
834,,24.231.90.168,32,2024-11-22 18:38:21.460046
835,,199.111.113.152,25,2024-11-22 18:17:37.680710
836,,207.144.25.171,34,2024-11-22 18:24:12.202344
837,,81.247.235.63,32,2024-11-22 18:50:21.239616
838,,81.247.235.63,32,2024-11-22 18:50:21.240291
839,,104.38.37.105,19,2024-11-22 20:15:19.126826
840,,163.5.171.6,32,2024-11-22 23:32:47.862054
841,,152.58.202.197,39,2024-11-22 20:28:30.726131
842,,108.147.154.34,33,2024-11-22 21:14:42.171642
843,,152.7.255.206,32,2024-11-22 23:23:25.243049
844,,152.7.255.207,32,2024-11-22 22:49:39.785838
845,,152.7.255.199,32,2024-11-22 22:45:15.624613
846,,152.7.255.202,32,2024-11-22 22:38:22.195341
847,,200.17.212.246,5,2024-11-22 23:53:53.357001
848,,217.114.38.11,19,2024-11-22 21:47:37.823032
849,,128.111.48.205,1,2024-11-22 22:58:08.320642
850,,104.194.105.162,8,2024-11-22 23:51:31.728694
851,,104.194.106.226,8,2024-11-22 22:52:41.333541
852,,217.114.38.14,19,2024-11-22 22:29:21.546342
853,,217.114.38.14,19,2024-11-22 22:29:21.550213
854,,104.194.105.8,8,2024-11-22 23:32:57.374296
855,,128.211.251.152,9,2024-11-22 22:56:57.228650
856,,104.194.111.150,8,2024-11-22 23:39:23.379337
